,obs_gdp,obs_c,obs_i,obs_g,obs_tr,obs_w,obs_n,obs_ffr,obs_pi,obs_tfp,obs_oil,obs_gas,obs_inflexp,obs_tr10,obs_cy,ec_chi,ec_tr,ec_gn
1959-01-01,6.170971878780307,,13.15481296316321,-5.076021958395671,4.4358046742207335,2.9941311865425035,,2.57,,0.003701120085053618,-0.7028830908002285,7.160484131696165,,,,0.0,0.0,0.0
1959-04-01,7.468895001797193,5.648138040797335,26.752628008649282,2.472444140511243,2.1931527253681082,2.748628769588368,,3.0833333333333335,2.1341612031850588,0.007139557525574181,-0.7111697423062132,3.1728666787723014,,,,0.0,0.0,0.0
1959-07-01,-1.1724670367328827,3.589973026366522,-29.70770793113573,0.22588874346283205,-9.153549660748084,0.7539210978945388,,3.5766666666666667,2.6666481442566337,-0.0035210625734281922,-0.7150316355039371,-0.32016009713231597,,,,0.0,0.0,0.0
1959-10-01,-0.3036688445874347,-0.35950047138371133,10.711356947522432,-5.981454996713609,10.910204849085048,2.2576253337788454,,3.99,2.2861075733146663,0.0005755954466689851,-0.7189437484675624,8.829856189828256,,,,0.0,0.0,0.0
1960-01-01,7.460039166672772,1.2813172837667253,40.51747258674325,-8.659061375814758,-11.700806366667749,6.854584775057981,,3.9333333333333336,1.2644366931318984,0.02618753772747281,-0.7229054357403483,-4.687630584260383,,,,0.0,0.0,0.0
1960-04-01,-3.614229499168431,4.6295387146862765,-43.37006834851138,2.4011555622834635,19.13814966740741,1.6248673809056147,,3.6966666666666668,1.5120668193702613,-0.02307550854265899,-0.7254301174503698,0.0,,,,0.0,0.0,0.0
1960-07-01,0.5150516223750401,-2.8957476252102765,-6.131275405925862,10.604452369333472,-9.836163726382985,0.9525999428452891,,2.936666666666667,1.5648391836506903,-0.002446971918060893,-0.7288509101494397,8.42961850562709,,,,0.0,0.0,0.0
1960-10-01,-6.615710751113824,-0.3501732660957657,-54.021913549733824,3.564002933475763,20.84429395459857,0.47421994921799104,,2.296666666666667,1.3090844974168903,-0.010047298512502068,-0.7318104439315635,1.007459604550931,,,,0.0,0.0,0.0
1961-01-01,1.2312706236144777,-1.7244079237492826,10.196055544060556,3.7057969915849753,19.241148815306452,2.657207493674685,,2.0033333333333334,0.6820262818447276,-0.00010386965253562225,-0.7339923096498583,-0.27098960629992064,,,,0.0,0.0,0.0
1961-04-01,5.27723858867617,3.4806147855555025,25.84828631466607,0.8947290612233871,24.05360771728997,4.6619073676931855,,1.7333333333333334,1.3108781333286856,0.02415399434535427,-0.7362973433250753,-10.833750240485251,,,,0.0,0.0,0.0
1961-07-01,6.152375676140309,0.9229550509473938,28.65846951684148,5.940070009648224,-11.737224390839351,1.9704161908082884,,1.6833333333333333,1.7356833581507303,0.009898340486504287,-0.738852275731752,9.00947848401188,,,,0.0,0.0,0.0
1961-10-01,6.308849422923402,5.6505818299825705,6.051751278712203,8.08240547870227,0.12068938701030874,1.6648892474528054,,2.4,0.9555390775242145,0.0037137936985594433,-0.7419731979808711,-2.3801465145494305,,,,0.0,0.0,0.0
1962-01-01,5.600244342593186,2.453845660698306,18.018855731525463,7.088979161406428,5.706397044317413,4.269117532145161,,2.4566666666666666,1.4782286312740922,0.005149020574662712,-0.7471110101771506,-1.4113510672681073,,4.0162903225806454,0.32741935483870943,0.0,0.0,0.0
1962-04-01,2.1165688813823635,4.124205526391478,-7.757476021745191,1.6909606124841048,3.5408307946259043,2.0226396209353847,,2.606666666666667,1.5381172948123023,-0.0036857653508025195,-0.7487546036946316,2.4666059662655115,,3.8757142857142854,0.3641269841269845,0.0,0.0,0.0
1962-07-01,3.40555708224457,1.9807834387073342,3.645645017343213,8.019224473557074,-10.199953808181483,1.995155861919029,,2.8466666666666662,1.3125323859657811,0.013105685082347693,-0.7508368204295258,-1.2509783456778223,,3.9895238095238095,0.3190476190476197,0.0,0.0,0.0
1962-10-01,-0.19986121522705957,4.454352664202332,-15.554221284199343,1.8988257319939805,9.683664826987481,2.7444711463604055,,2.9233333333333333,0.7480893382336262,0.010266046919848473,-0.7529147105452879,8.829012842657669,,3.902459016393443,0.32404371584699465,0.0,0.0,0.0
1963-01-01,2.850163116693949,0.6990886088480863,16.167130676173258,-2.787889732984894,9.423359084343907,2.2456525611417533,,2.966666666666667,1.321993518747,-0.00163782268252487,-0.7572454877519313,-3.732411285627535,,3.8921311475409834,0.23617486338797766,0.0,0.0,0.0
1963-04-01,2.952615304698014,2.2157749259477555,5.579307927425248,-1.0788711043630883,2.2493039655619995,1.300388712983347,,2.9633333333333334,1.5112808287716106,0.002922282201068969,-0.7589975687958485,-4.822615539174535,,3.963650793650794,0.19476190476190425,0.0,0.0,0.0
1963-07-01,7.184698258932798,5.256695869381645,9.44905397009066,13.727547921657646,-14.129503997717308,3.5546574516816865,,3.33,1.537735749143998,0.019789893467704232,-0.7603096179672316,4.087427907785646,,4.03203125,0.22822916666666604,0.0,0.0,0.0
1963-10-01,1.099585547378723,0.029918899130620957,4.98388451948486,-1.9268699273425227,6.9597712736253925,1.3329759818759168,,3.453333333333333,1.9238899590684255,-0.002913682883914178,-0.7683937363671908,-1.2024251478910841,,4.118196721311476,0.17923497267759547,0.0,0.0,0.0
1964-01-01,6.822012913353603,6.914965517903937,9.296856119952679,1.3468871311893338,12.600862488912945,-2.5306503888053555,,3.4633333333333334,1.6917730954455479,0.012002896683830946,-0.7715474352986266,-1.3619352619361536,,4.178688524590164,0.18404371584699408,0.0,0.0,0.0
1964-04-01,2.8243263810736607,5.4362436424604255,-2.2679474323254567,2.161113126689429,3.9868231468352278,3.5118834342309224,5.131062969707756,3.49,1.184761975767401,-0.003386659102300177,-0.7738292037333511,-4.192622994970208,,4.20078125,0.20229166666666742,0.0,0.0,0.0
1964-07-01,4.685884110609706,5.499384093434401,4.4653749797234354,1.3211552665893578,-18.53816111403468,3.6576647221218117,-1.7518999216584064,3.456666666666667,1.1100106231305418,0.010244804014898449,-0.7948034881662805,-0.6701819928760955,,4.194375,0.22750000000000004,0.0,0.0,0.0
1964-10-01,-0.2752525705457032,-0.8303111020182996,4.950255465292486,-3.015196972811651,6.132021486546435,1.072799549698722,0.5070992851207379,3.5766666666666667,1.0200758723504677,-0.006842854287291483,-0.7993333685861402,4.667863710046483,,4.174590163934426,0.24770491803278638,0.0,0.0,0.0
1965-01-01,8.070709847311619,6.583632052002741,34.8095959580256,-1.2728616930679948,9.104187836640065,-0.30804672446036463,2.2599297840823596,3.9766666666666666,1.5055836632347663,0.012328585815802033,-0.8043291143240882,6.843722109970862,,4.2037704918032786,0.22213114754098395,0.0,0.0,0.0
1965-04-01,3.5067561850134155,3.0577167284150164,-1.7360094120448366,3.682344073342847,13.276568811998324,0.8058068339686475,2.5224126501942834,4.079999999999999,1.241187979137237,-0.0020497886011560983,-0.80893713799966,3.7394148135447836,,4.20952380952381,0.23460317460317537,0.0,0.0,0.0
1965-07-01,7.2998018321868585,5.264859334885585,9.917565436756348,13.989628440051405,13.921517510557813,2.6968483713393443,-0.22649940277688074,4.076666666666667,1.2373485207909596,0.022913793828129546,-0.812801177100723,1.1756348827848484,,4.24921875,0.241822916666667,0.0,0.0,0.0
1965-10-01,7.6122188500352905,8.100029238045181,3.3535478486861336,9.570633480105073,-10.53053457387172,3.146238685924052,1.0558435450272796,4.166666666666667,1.3270635306140477,0.012745571375434566,-0.8196472283407913,4.293826542056145,,4.476393442622951,0.20267759562841547,0.0,0.0,0.0
1966-01-01,8.127926754848502,4.8605541812364095,26.027217346562992,6.0391243764904345,21.83549835671439,4.366666365761374,1.4548861622039055,4.56,1.9978857770265535,0.015667816838777323,-0.8260305460633802,0.22471910703405484,,4.7739682539682535,0.1644444444444444,0.0,0.0,0.0
1966-04-01,-0.16051573824640286,-0.5222910358035904,-6.725690357164638,5.53831648704417,18.42859628172917,3.054477967467184,-0.22397647478431537,4.913333333333333,3.2436993539228354,-0.013116201627349385,-0.8342035261149988,0.8976160849529791,,4.782063492063492,0.31285714285714317,0.0,0.0,0.0
1966-07-01,1.8420993796592455,2.2675595809005245,-6.232202349767135,11.455771745900023,-3.190779400776833,1.8555319542473026,-0.8918026631206999,5.41,3.286273092590619,-0.004521439663699945,-0.8381387383884148,4.938105134146831,,5.14609375,0.40671875000000046,0.0,0.0,0.0
1966-10-01,1.7444238386609356,-0.1616884579703992,2.496136320184661,3.808307447943804,26.27793580300466,1.972322442079788,0.8632515971166654,5.5633333333333335,3.4410611294228843,0.003087730262279947,-0.8351710167989191,5.060109646479027,,4.998,0.5636666666666663,0.0,0.0,0.0
1967-01-01,1.9560269616643922,0.24036398765332478,-11.663442800085733,14.881605114975116,18.63170771514895,3.7035558719309414,-4.8168784484895255,4.823333333333333,2.194968783705775,0.006790281338268617,-0.8326221597655533,2.7958176726848194,,4.579672131147541,0.5618032786885241,0.0,0.0,0.0
1967-04-01,-1.3384325584574697,3.683958239491858,-18.786349111052658,-1.2050456277343358,6.3637922815548364,4.359141896372298,-1.7209779279394155,3.9899999999999998,2.6689756779388674,0.005178937378419752,-0.834347434598888,2.8482701807625688,,4.8284375,0.4158333333333335,0.0,0.0,0.0
1967-07-01,2.152382647127382,0.30092843970450645,9.809539781536358,3.4346910321950475,0.38321422380853676,1.5765436871495453,2.216671597449249,3.893333333333333,3.6150873681068063,-0.004671169542471142,-0.82845210272959,2.2569582066974903,,5.246984126984127,0.5184126984126989,0.0,0.0,0.0
1967-10-01,1.3430154812461126,-0.2224672231093905,7.19015307961115,3.2435378287189565,6.156988141531805,0.9761525098649138,1.035310464652106,4.173333333333333,4.015469202566813,0.0026204335487377624,-0.8319049632717651,1.2127706811357442,,5.641803278688524,0.48994535519125737,0.0,0.0,0.0
1968-01-01,6.398162465070811,7.594567093174476,6.275599146007238,5.83985513934806,5.117267114696489,6.19696681481785,-3.345768142391492,4.79,4.534071945614215,0.018692177634593774,-0.8429214314593704,2.733051140177878,,5.610967741935484,0.6711827956989236,0.0,0.0,0.0
1968-04-01,4.906770175504249,4.216130190803824,11.186070103633483,1.092483415966683,24.40853979066251,2.219452793300425,2.7693709299729363,5.983333333333333,4.6265784409410315,0.007492049836979153,-0.8534327032767893,-0.5663717760404197,,5.7461290322580645,0.7802688172043011,0.0,0.0,0.0
1968-07-01,1.3370868534764213,5.883242554921964,-13.946556685600342,0.9647247826485739,-1.7205370882505733,2.5892879176772965,-0.9650705026480466,5.946666666666666,4.4461527613668395,-0.0011966739999029266,-0.8631808637126862,3.772448745359469,,5.45859375,0.8116666666666674,0.0,0.0,0.0
1968-10-01,-0.23262737595892702,-1.2360591433292711,5.430425138789019,-0.46980670901461963,4.95735183425019,2.2468595823231574,-1.1299101329417027,5.916666666666667,4.628482678542767,-0.008617041117062244,-0.8771973823861782,1.226296234855262,,5.767741935483872,0.6225268817204297,0.0,0.0,0.0
1969-01-01,4.37455907032458,2.3828024777429846,21.98586990622573,-1.8918470114947183,-5.845567198565327,1.313041102243817,1.9886559574160856,6.566666666666666,4.346960231337249,-0.005306498735748245,-0.868107213492817,4.55676913664913,,6.170983606557377,0.5968852459016389,0.0,0.0,0.0
1969-04-01,-0.6729684401328484,0.7099344450537615,-6.16698203786612,-1.5767558595527476,11.472197857484545,1.3623837551983708,0.381579714004765,8.326666666666666,4.759214164965009,-0.010774118786530527,-0.8128125093475397,7.40190743223188,,6.356984126984127,0.7468253968253968,0.0,0.0,0.0
1969-07-01,0.6933099141253507,-0.7382915450548921,3.5401144338202073,1.9511028648366846,-0.6612665063418177,1.4614963671606862,0.17477381866264352,8.983333333333333,4.588205513839405,-0.005542011068811048,-0.8267907268256799,-0.8837529087797336,,6.856825396825397,0.7174603174603167,0.0,0.0,0.0
1969-10-01,-3.9311137447523237,0.7105679432626744,-20.82854799391356,-6.600228080117887,9.543487263407258,2.49131145891055,-0.5292286468442597,8.94,4.6699945022016465,-0.01273900358038228,-0.8396051470883995,-1.0221470638759556,,7.310491803278689,0.7542076502732238,0.0,0.0,0.0
1970-01-01,-2.6244825623546575,-0.55244204244147,-15.771456645214244,0.6121316130482057,4.268153995896462,1.5321285861714884,-3.1153379368928924,8.573333333333332,4.331631827061599,-0.004549039440921608,-0.8536197971048897,-1.2984805525292131,,7.375166666666667,1.1170000000000009,0.0,0.0,0.0
1970-04-01,-1.4777760087376635,-1.3652646458872653,0.28801385665886414,-5.567388414813479,44.01735936797806,0.7113004032775816,-6.025667046757022,7.886666666666667,4.501232021571333,0.006946886047430828,-0.8674407482023291,7.42614471207137,,7.71,0.9963076923076937,0.0,0.0,0.0
1970-07-01,1.5769910369805018,2.0074897219522825,0.30874972376651044,3.277241863133895,1.6698961226124354,3.1651807873880777,-2.556300491793806,6.706666666666667,4.425255820078711,0.013326502065814868,-0.8876251103060605,-2.527707783869104,,7.45796875,1.2604687500000002,0.0,0.0,0.0
1970-10-01,-6.445338428063607,-3.3231275102004076,-24.176545764758117,-0.9553768053685019,9.382468935931243,-1.3915488701707446,-3.4391738712892916,5.566666666666666,5.578496584947423,-0.015801987792128443,-0.875893514561744,7.668394411005508,,6.846065573770492,1.3343715846994524,0.0,0.0,0.0
1971-01-01,8.55798247581454,3.159565479770521,42.947060832987205,-3.2773937319419133,4.244592875424225,2.1466353256749837,-2.5075457212459185,3.856666666666667,5.035661311945283,0.02515115075962951,-0.8430206261314949,0.23210511696980518,,5.999508196721312,1.1414207650273225,0.0,0.0,0.0
1971-04-01,-0.03529461393760869,0.7927057819522076,8.796570244494717,-1.0241380411002865,25.09919185563625,0.6123015828033651,-0.5866356111210891,4.566666666666666,4.5371001870508465,-0.003121038148364238,-0.8560746466631338,-6.752625681494706,,6.251587301587302,1.2360317460317463,0.0,0.0,0.0
1971-07-01,1.080650013031459,0.8166011552013686,3.2168157745516623,-0.784898494390518,-7.4664319461398065,1.3922132718012126,-0.1555221680307639,5.476666666666667,3.752285460302396,0.014498490424625716,-0.8661997655394095,7.448134033084486,,6.48546875,1.3216666666666672,0.0,0.0,0.0
1971-10-01,-1.2788848094103855,3.4812493478938222,-12.828824021681129,-2.1709938699437714,8.859725312040823,-0.5607385008601362,2.823940873576092,4.75,2.2775599374066147,-0.011825671504184057,-0.8745055386386199,4.9330560279642555,,5.888032786885246,1.3699999999999992,0.0,0.0,0.0
1972-01-01,5.042285830878868,1.1770701772633174,20.040273763454053,6.38651880183545,11.03019059557937,4.908011851526206,3.011666063161478,3.546666666666667,3.818017823560993,0.0073201159278156805,-0.88963218751644,-5.164757801168918,,6.032222222222222,1.190952380952381,0.0,0.0,0.0
1972-04-01,6.743741897149391,5.123785382254198,20.453042755951145,1.2449568000747036,18.12835847568124,2.184671183059095,1.0138246489454161,4.3,2.696387521467969,0.014607290672762199,-0.895837719384975,-2.8909783164435154,,6.1409375,1.1990104166666669,0.0,0.0,0.0
1972-07-01,1.5392408692786574,3.570101671058268,4.914344955999184,-9.042242949210788,-17.301697044613462,1.487955470581248,0.21034663530574704,4.743333333333333,2.996133491919828,0.0051352303577291755,-0.9053447854234081,8.447764897767307,,6.2871428571428565,1.2088888888888887,0.0,0.0,0.0
1972-10-01,4.419976097787526,5.264409790508751,3.9209409394466377,3.0335310553390116,54.09584766938931,2.3751796492724075,1.1695170413004163,5.1466666666666665,2.5035745600284542,0.016296559061354403,-0.9180153675077264,8.241050935538574,,6.372833333333333,1.2220000000000004,0.0,0.0,0.0
1973-01-01,7.570407345720298,5.28192614200691,16.85305294910009,3.7900663578660954,-19.803328401443565,5.851213160701274,1.8159844172616957,6.536666666666666,2.7779538257489023,0.015915468688971854,-0.9294723746997812,5.590498369272012,,6.6009677419354835,0.3658064516129036,0.0,0.0,0.0
1973-04-01,2.1249047244005226,-0.8618253634352868,12.95395192122939,-4.138755232637692,-1.4314907916682884,-0.5680483185621199,2.3373652981284465,7.816666666666666,5.411164663720669,-0.008205027773052166,-0.9447491765377566,13.978875754633435,,6.808095238095238,0.3330158730158743,0.0,0.0,0.0
1973-07-01,-4.28010532486347,-1.2541198224511163,-15.6852790504594,-7.934043397351331,-12.33474746900658,-0.8604465787777738,-0.39699726618316333,10.56,5.281350953724306,-0.01980268190886817,-0.8325890494484397,7.51351627340231,,7.218730158730159,0.189682539682539,0.0,0.0,0.0
1973-10-01,1.6158905624088504,-3.1139012141586875,14.197980172981062,0.8463164688663483,-4.039071648035097,0.1279664186389251,1.336369419412975,9.996666666666666,5.530740481251151,-0.001440587744634628,-0.7925659272205855,38.42017606067483,,6.756333333333333,0.39566666666666617,0.0,0.0,0.0
1974-01-01,-5.598948966801132,-1.4809497371985003,-27.827672315710572,5.438173182481165,0.9897305700052428,1.4749311707514146,-1.7706672331478046,9.323333333333332,6.808986595624589,-0.027100854524625583,0.04132521130963096,68.97157185564015,,7.055245901639345,0.3396174863387964,0.0,0.0,0.0
1974-04-01,-1.179123826400641,1.1307073264184453,1.7720115743514953,1.114678385706469,17.93358950593511,0.9248668781469238,-2.643868170510544,11.25,9.818474198531923,-0.007024339376868791,0.01796683904149654,34.78169561200435,,7.541904761904762,0.2768253968253962,0.0,0.0,0.0
1974-07-01,-5.901463365516335,-1.30816465748822,-22.96523327313409,0.13388804666973897,-1.2662036021648504,0.11026486137315494,-1.3387019178441761,12.089999999999998,11.271377913518954,-0.02249433159026627,-0.010930534276146098,5.286512246681951,,7.95984375,0.503541666666667,0.0,0.0,0.0
1974-10-01,-3.63665461910081,-9.56852009202791,1.2805699279432758,0.5105823441660107,5.740552470288129,-0.78559960585034,-7.645060755653077,9.346666666666666,9.656300042058596,-0.0034970176516745327,0.05888952652111845,-6.125438728696508,,7.673770491803278,0.9194535519125697,0.0,0.0,0.0
1975-01-01,-6.96072276265518,-0.2961942273607576,-67.50534898617175,0.9176248768675066,21.21336787233048,2.7422121362616014,-11.12142993554528,6.303333333333334,7.738195580555285,0.00810084498353947,0.03641248207334946,1.1949381282482463,,7.5441666666666665,0.8446666666666651,0.0,0.0,0.0
1975-04-01,0.8133139978880877,3.418965097635862,-9.61721898872554,-4.417166737401601,33.60989570956345,2.4992641460331644,-2.1545745517755677,5.419999999999999,6.050577834166404,0.013207407868953414,0.021667323496182056,7.38342112127377,,8.051875,0.6620833333333334,0.0,0.0,0.0
1975-07-01,4.781393793249222,4.043017187138531,25.480003539709628,3.6230411001248797,-11.519655444848276,0.01869736825415025,3.5898648757807905,6.16,5.955494217974078,0.008800014431439017,0.0041697572659078475,23.54207131025383,,8.2915625,0.5063020833333329,0.0,0.0,0.0
1975-10-01,3.3521662339978775,2.317294046810048,7.686555636826853,1.79160451787439,0.8933478462736844,-0.13145280177311314,0.7890102711545666,5.413333333333334,6.464274263736591,-0.005521798127672139,-0.012430337231286837,7.561879553931838,,8.06327868852459,0.5263934426229504,0.0,0.0,0.0
1976-01-01,6.92371842518007,6.132206478714153,32.97098846828419,-0.43383330076736115,1.5835310784810375,3.416482275508148,4.59268208956658,4.826666666666667,6.032426857947826,0.012885280463883729,0.02971063107199534,-3.5903797989998765,,7.754032258064516,0.5556989247311819,0.0,0.0,0.0
1976-04-01,0.9766585842424291,1.0539821017992779,16.58728751090166,-6.265008571927666,-6.9994417957758515,3.422272980558816,0.683353971066758,5.196666666666666,4.770711805008077,0.004665040080586132,0.05367429461187978,-3.874635727336617,,7.773015873015873,0.5287301587301592,0.0,0.0,0.0
1976-07-01,0.25512118268053996,3.163841159004477,0.31449336958075946,-4.550487156696903,12.472111964005883,3.165512068844034,0.27547610793874355,5.283333333333333,6.216469332238361,-0.002298047205313231,0.08712277633246512,7.06555761454517,,7.7321875,0.5666145833333331,0.0,0.0,0.0
1976-10-01,0.9760738933671576,2.4294778003792317,2.2093415747782785,-1.84227199128415,-3.7648598351914586,1.320335319168553,-1.9377000197152938,4.873333333333334,6.212742401458549,0.0025558199238092092,0.15597493754841774,10.555098554633524,,7.178196721311475,0.6485792349726776,0.0,0.0,0.0
1977-01-01,2.823036788665334,3.5551088250137752,17.71894741251714,1.7185443820132207,-5.971200936153842,1.126738844977293,0.8773875377835694,4.66,6.675394113945821,0.005544411526493709,0.14002700822721315,10.771182712731076,,7.356984126984127,0.412063492063492,0.0,0.0,0.0
1977-04-01,5.83266786567016,1.4803918963131935,23.892162802264494,2.061484317186313,0.19059302579371717,2.494972287571251,5.712464315126731,5.156666666666666,6.065925820269769,0.0015781694810033347,0.12601113341472803,5.839258272527736,,7.366031746031746,0.3338095238095242,0.0,0.0,0.0
1977-07-01,5.307171209985029,3.0378501091298915,17.638060083795892,-0.56252145374458,7.947651877367257,2.8480789534677253,-0.07982744102026373,5.82,6.598440788451043,0.017547678218894074,0.15847036298638928,-0.5338079084049596,,7.358888888888889,0.34253968253968203,0.0,0.0,0.0
1977-10-01,-1.8234575591069557,1.2316236890342225,-2.568887563649014,-2.4800710384255353,-1.431321253170026,-1.6984395457132706,3.8383969466975643,6.513333333333333,5.770983078681802,-0.017386848809757598,0.1586382373383769,8.97925028785096,,7.597166666666666,0.32133333333333347,0.0,0.0,0.0
1978-01-01,-0.5183462382227333,1.1609699882512814,4.098559360805609,-2.374539899174266,2.543576117306401,4.71669658136471,-1.650488735975486,6.756666666666667,6.192100485662344,-0.002951561953692791,0.14421864568778964,1.6158830045663208,,8.007704918032786,0.26377049180327994,0.0,0.0,0.0
1978-04-01,13.38448641729606,7.239112840098727,22.277630538453508,7.683198093508281,-3.9404589905807086,-0.7924865262442626,6.598491965845277,7.283333333333334,6.841999194304371,0.015864862680080617,0.1252700025882142,-0.5726309461143941,,8.325555555555555,0.23603174603174537,0.0,0.0,0.0
1978-07-01,2.2422333702731834,0.15192892688347115,9.608412659986243,1.4952280595878165,1.97791839526964,0.817334845290163,0.2094028609930021,8.1,6.80453833061474,-0.003981614317045589,0.1084285736578412,8.113380299000283,,8.485396825396826,0.22380952380952301,0.0,0.0,0.0
1978-10-01,3.6195391986936443,0.8705568869984859,8.732835727462884,-0.027836928609303868,-0.7543513886350439,1.7442651234058637,1.6621598651610725,9.583333333333334,7.11622812474868,-0.0041982483645643205,0.08818359526423958,18.84538924879884,,8.815081967213116,0.24945355191256802,0.0,0.0,0.0
1979-01-01,-0.9926935184882524,0.6189399791630024,-1.2105895271261602,-4.462739152246087,-8.481674438117714,2.8992409988301215,1.407519089250009,10.073333333333332,5.4275133110877505,-0.00944589592366027,0.1140299310246824,18.633092996912914,,9.105483870967742,0.26317204301075314,0.0,0.0,0.0
1979-04-01,-1.254522741793096,-0.8208258272397018,-1.230422815450538,0.18248902721254012,-3.573632168146723,-0.6204551605722086,-3.442978894196713,10.18,8.699484528236567,-0.008480761659423812,0.22053724247441597,53.69716293350617,,9.115,0.30790322580645224,0.0,0.0,0.0
1979-07-01,1.3074382601384826,3.386841511454719,-5.637070221069251,2.3485011101328723,12.556278842030544,0.13483476750790757,2.188847972811203,10.946666666666667,7.314445668756697,-0.013979325502097401,0.5682228317460911,60.8717851290157,,9.095079365079366,0.2666666666666657,0.0,0.0,0.0
1979-10-01,-0.6170264360360278,1.6053726731904305,-7.324946966646451,1.8837637493426485,1.644720340666339,2.599989118667523,0.7810305809044849,13.576666666666666,8.257337962832345,-0.008601356360443744,0.7364936240637796,31.954426287473048,,10.437868852459017,0.3718579234972683,0.0,0.0,0.0
1980-01-01,-0.3354639495071865,1.3495201562918169,-5.053493284626853,5.146267249775605,5.606043354906554,2.729504826947493,-3.3155949901631843,15.046666666666667,9.667844145593207,0.003728575687340701,0.8659827355210274,53.04044213082015,,11.955806451612903,0.3905913978494624,0.0,0.0,0.0
1980-04-01,-9.88522559052285,-10.3969966640733,-37.24390888462139,2.7039829206827903,-5.156141915877477,1.2471992007672128,-8.24155715761119,12.686666666666667,8.849735515448387,-0.0257601667364655,0.9398945466292075,18.844846706726415,,10.477619047619049,0.6226984126984121,0.0,0.0,0.0
1980-07-01,-1.9924490613604462,3.272966097490837,-29.46721007823001,-7.905494203476593,29.217175492594905,1.1705440332850037,-2.503492826600251,9.836666666666666,8.807798571715608,-0.005320026536900674,0.8746937675570629,-0.8895182074727614,,10.94171875,0.6338541666666675,0.0,0.0,0.0
1980-10-01,5.902567971628159,3.3704598321151025,31.380447522160182,-0.6353096227087462,-3.1445630953086834,0.21106493933573667,3.5833254040186446,15.853333333333333,9.628003496354154,0.004711824847497367,0.8085250959343444,4.579144474945807,,12.405573770491804,0.6213114754098363,0.0,0.0,0.0
1981-01-01,6.300349695089835,-0.27173848545984924,34.594623151213,3.8950679827735257,-10.607916191136901,-0.47639762876725555,1.8861898188854198,16.569999999999997,8.777534218946847,0.011286906993099482,0.8273750439116377,39.406596419561524,,12.950655737704919,0.43612021857923544,0.0,0.0,0.0
1981-04-01,-4.396371336031635,-2.570325447389621,-15.481110098400563,0.2887262812734548,-6.047208917894409,-0.9830607150448589,0.4326202764167064,17.78,7.488359046499049,-0.01683786615115674,0.7900530878144276,4.399743832461134,,13.74047619047619,0.5011111111111113,0.0,0.0,0.0
1981-07-01,3.3642092741715146,-0.4919685011152808,18.067176282711728,-3.27912893943747,8.334537444162038,1.3306201392028427,-4.174903980982769,17.576666666666664,7.299513913421407,0.01760729389526392,0.735037965904621,-5.763927301289229,,14.8384375,0.42343750000000213,0.0,0.0,0.0
1981-10-01,-5.74462126892179,-4.88660059869801,-13.712593237287507,3.7371190927636633,-6.899931879276977,-0.34914810114312633,-4.50098807165169,13.586666666666666,7.052303944498206,-0.024560207542969902,0.69921362208556,2.860233955022906,,14.116721311475409,0.4533879781420769,0.0,0.0,0.0
1982-01-01,-7.595176664082004,1.1630725131304587,-42.59644089450916,-0.7217757597906882,-0.7258061466552945,4.883129949517295,-6.251913384965313,14.226666666666667,5.812344362375477,-0.01350874426774029,0.5642359861789302,-9.324280070813629,,14.268032786885247,0.7749180327868839,0.0,0.0,0.0
1982-04-01,0.5125522666958204,-1.438866340090783,-2.8819092364692267,2.1483841222227795,2.0821667682266565,-2.0734765895095375,-0.011859255071122732,14.513333333333334,5.374375857830138,-0.010709606163951474,0.6579140427975241,-22.36578513735008,,13.942063492063493,0.7601587301587305,0.0,0.0,0.0
1982-07-01,-2.817010224412897,2.0014218509871284,-7.369281048100618,1.1069483166835425,6.596799857051394,0.554827475691666,-2.4773913360689903,11.006666666666666,6.36138386473899,-0.013593509427326966,0.6370056613074033,16.379892765281667,,13.1125,0.8103645833333317,0.0,0.0,0.0
1982-10-01,-1.105046298579282,5.944354484668679,-36.019169559912,5.615314435964791,16.678675246606645,1.6999733210594226,-4.505719644263806,9.286666666666667,5.531929899447441,-0.0026555916364919526,0.6053555843401461,-6.229306791023959,,10.66344262295082,1.1586338797814193,0.0,0.0,0.0
1983-01-01,3.989558141401872,2.957456939468983,7.428444278584578,1.4022632827369819,-3.91614738689654,1.0356112182825061,-0.37977388074121876,8.653333333333334,5.219113653750185,-0.0002360782180739632,0.4654636116941887,-22.980999987771078,,10.555873015873015,0.9814285714285731,0.0,0.0,0.0
1983-04-01,7.780597808942957,7.517521950210693,28.577600511890466,2.822653023998356,4.642620938514774,0.8924688210276699,3.9133050587176754,8.803333333333335,3.048479208060506,0.008802737479144923,0.48743053055046465,10.686898231780972,,10.549999999999999,0.755873015873016,0.0,0.0,0.0
1983-07-01,6.701481658425834,6.894589459470524,18.882533214213026,5.523251957792041,-8.862519797278878,-2.0656779642007184,6.164258387148536,9.459999999999999,6.0338629875230865,-0.005851602673075778,0.5098116602772417,6.47376907188395,,11.63640625,0.5423958333333339,0.0,0.0,0.0
1983-10-01,7.06412199098807,4.7509911039156805,34.46415695247396,-7.873138619778786,0.08545488879700969,1.5407821586517878,4.9140164279751986,9.43,3.1878591219401287,0.00878317032751847,0.4458893438572246,-7.690040913649554,,11.689166666666667,0.5053333333333363,0.0,0.0,0.0
1984-01-01,6.551888120030469,2.405012679923857,33.16924069575009,4.42650081033662,-1.7472557007273792,0.5388578360200791,3.365250942484188,9.686666666666667,4.019082576181354,0.01348805936782749,0.4480887468507868,1.9494962696612106,,11.954516129032257,0.1828494623655903,0.0,0.0,0.0
1984-04-01,5.6759387546335915,4.847395772384289,9.342471525886253,7.86919897102436,-0.706548748237168,0.7828832972741839,3.716846607060731,10.556666666666667,4.655607256620264,0.009181706913287692,0.4451749330094027,-0.6109269820859353,,13.213968253968254,-0.003492063492062769,0.0,0.0,0.0
1984-07-01,2.668411233941015,1.32944519511895,4.921716545633359,3.3092144032139004,-3.298118778696235,2.2555154508569597,-0.7035324429761403,11.39,3.7376722023809705,-0.0007422345580559392,0.3938128918187095,-12.220512384123161,,12.873174603174602,0.15142857142857125,0.0,0.0,0.0
1984-10-01,2.104637877318183,3.459299933677329,-7.549042071212142,8.597578621902358,8.709276558863976,0.2236000679711081,0.27654871511000323,9.266666666666667,2.836608932261342,-0.0025643586804814885,0.3271391266833693,1.249762190907333,,11.760655737704917,0.5614754098360653,0.0,0.0,0.0
1985-01-01,2.697887826573009,6.336105987402618,-15.756559816000504,0.8061489234997055,-0.14307117717873297,1.0920483213591181,-0.1608810772415481,8.476666666666667,5.419260638802825,0.006639519014303182,0.30332559718169205,-0.35924381596554866,,11.586500000000001,0.47116666666666696,0.0,0.0,0.0
1985-04-01,2.3519468817607248,3.158739879581418,4.67272987864078,7.510499540978799,-0.43097373414564544,1.2068092805052277,-0.1151839592866466,7.923333333333333,3.4538467046139942,-0.008438293892384482,0.32630904170607056,10.28051486679864,,10.823492063492063,0.4712698412698426,0.0,0.0,0.0
1985-07-01,4.906248722523543,7.09445014540151,-5.929878754073314,8.184766937895915,3.1304141416661935,3.4610360619181657,-0.8229543915614812,7.8999999999999995,4.087088453304055,0.010073112619380079,0.317917021052996,-3.138581110243699,,10.335555555555555,0.29634920634920725,0.0,0.0,0.0
1985-10-01,1.8120875179249651,0.2672930973702137,14.407950908286438,1.4301416223489127,1.2311986568507294,5.255759769926782,2.343356549308595,8.103333333333333,2.858672780418381,-0.005847579422839996,0.36155932527717116,1.7086139108885234,,9.766129032258064,0.3516666666666648,0.0,0.0,0.0
1986-01-01,2.568247402409085,3.182381874697171,-1.3170081743076878,0.3540998720026778,3.9575714552933405,3.681474254870065,1.47656329075172,7.826666666666667,4.295603145675919,0.007181664434435037,-0.1840196882764441,-26.37240137008252,,8.567,0.6453333333333333,0.0,0.0,0.0
1986-04-01,0.6518352602391531,1.2664592193495139,-6.48333500637861,6.000461894993947,8.708749680666905,3.088877209698637,-1.720497741523097,6.919999999999999,2.7332359184002897,0.0004834024180569783,-0.3877819121393137,-78.8563944174987,,7.59796875,1.3377083333333317,0.0,0.0,0.0
1986-07-01,2.668466370148792,6.33695174280362,-11.959751413888142,7.8592951672987965,5.9953274035997595,3.3314529780227975,1.6467805414771775,6.206666666666666,2.7377874355572374,-0.002101268737080045,-0.39619226880973824,-27.6902578944922,,7.30546875,1.4517187500000004,0.0,0.0,0.0
1986-10-01,1.000085204682577,1.5383327457470841,-0.34263655905988344,-2.1927006050873388,-6.299244988631614,3.14748873987305,0.7545895534024183,6.266666666666667,3.2439968311216205,-0.007695837385633628,-0.29767441400989003,-9.447208066466573,,7.264032258064516,1.2415053763440866,0.0,0.0,0.0
1987-01-01,1.8174226854085873,0.45096318514552536,9.918527864181925,1.2197037578360437,-3.1530017733786053,-0.7960894808330732,2.9776932442032944,6.22,2.525284946441708,-0.011572858723719798,-0.13399665326545251,41.98986711977408,,7.195409836065574,,0.0,0.0,0.0
1987-04-01,3.1603383089350956,5.361869719148871,-2.338467861326876,2.612241515848268,4.396678581476188,0.14955308237769582,1.8944129870039461,6.6499999999999995,3.864788691427279,0.012389462955532941,-0.0804978323709643,9.134448638494419,,8.342698412698413,,0.0,0.0,0.0
1987-07-01,2.3246172486288685,4.150332371253285,-3.289287967206178,0.11235488111722702,-3.596349849347291,1.043948503254044,1.3921690596411906,6.843333333333334,3.567131414331648,0.0008538656282074627,-0.036664215809217415,17.010505219553984,,8.8696875,,0.0,0.0,0.0
1987-10-01,5.683821758807284,-0.010770166367990441,26.432817640139916,3.28314682956119,1.8329985823429595,1.5515221726190687,1.2092256541889057,6.916666666666667,4.044818652597648,0.001057905409519343,-0.1325036310379083,1.2993026358335769,,9.129032258064516,,0.0,0.0,0.0
1988-01-01,0.9476004618210965,5.9039728069159025,-20.583226529912224,-3.9114755395488032,7.594953285298445,3.792241023656029,-0.665823880157923,6.663333333333334,3.841219553960684,0.006611952486578256,-0.25096082125236163,-9.001606342032353,,8.410967741935485,,0.0,0.0,0.0
1988-04-01,4.105244759825766,2.3489706336945915,6.278283243614169,0.09868831280002155,-4.056191431665468,0.9297187050532729,0.7373558024918125,7.156666666666666,4.818795931353392,-0.002230735055568086,-0.22728345130735506,-0.9178897971100497,,8.912857142857142,,0.0,0.0,0.0
1988-07-01,1.2215727566502466,2.5735286862413886,-2.676748047746713,-2.9746558946605717,0.3761703707844788,0.15710177656020896,0.23842758383949558,7.983333333333333,4.580718562874608,0.0009877369498849128,-0.36992107274895314,5.166628847304189,,9.10359375,,0.0,0.0,0.0
1988-10-01,4.188771762275678,4.000624422346277,4.161463189981163,7.050967538063446,3.1958276923534257,-0.4389393726176527,2.1354592144216866,8.47,4.44418794536432,-0.00167336271431818,-0.41087101666453785,-6.0974659380075735,,8.95704918032787,,0.0,0.0,0.0
1989-01-01,2.938072071530229,1.1718528637970849,12.118714634319616,-2.8686002067892957,6.196122604210963,-3.0371343677392693,1.559831078179208,9.443333333333333,4.341842394944706,-0.007201335406656847,-0.19442405941381302,11.229819897217297,,9.211639344262295,,0.0,0.0,0.0
1989-04-01,1.9355379778080106,1.8836597277413603,-7.113745048654607,5.000195792806039,-1.8383901131956648,-2.598159751368012,-1.0000622022044325,9.726666666666667,3.6225124394089647,-0.013701597157329942,-0.10482908518674294,48.53892409769536,,8.75796875,,0.0,0.0,0.0
1989-07-01,1.8559659640423831,2.2003957567221732,-5.846337411541924,2.4905834540689398,7.164197134027006,0.6592564781174204,-0.11550333742054164,9.083333333333334,2.9656736082419144,-0.0013436653579592347,-0.16793956901656004,-18.869395359599395,,8.107460317460317,,0.0,0.0,0.0
1989-10-01,-0.309426242343136,0.9434808796434879,-4.197449305470258,1.4949894054090862,4.488565300868785,2.8640684527152516,-0.5294702178417765,8.613333333333333,3.6452533962400224,-0.008299909670470031,-0.12047666780689126,-9.52378800496394,,7.9070967741935485,,0.0,0.0,0.0
1990-01-01,3.2531345101034503,3.7319643231384703,0.60675449101808,5.2969671536985174,7.502872860199794,3.2391581337796405,3.433611224805233,8.25,4.579854133208272,0.0033777669275239096,-0.0651141189614195,29.52079783372863,,8.423870967741935,,0.0,0.0,0.0
1990-04-01,0.3618478937497116,-0.7027529677756661,-4.009148985936406,0.4404702488436385,5.111200402209626,3.2343560995587772,-3.036533013965226,8.243333333333332,4.443759314272455,0.0010001801402712246,-0.26998439564494714,-7.230583284467684,,8.674126984126984,,0.0,0.0,0.0
1990-07-01,-0.8062896379243512,2.1470287417134415,-10.017679888969155,-0.6493094305319858,1.5328249103884417,1.8716498938132764,-2.808397065454571,8.16,4.021930386061001,-0.006896399255380374,0.11400868528783925,35.390039540761364,,8.701269841269841,,0.0,0.0,0.0
1990-10-01,-4.727036947612362,-1.834098193125655,-25.941035651952404,4.210421119792329,3.5705203113089112,0.03352614697835765,-3.031878064176219,7.743333333333332,3.344574200966477,-0.015304967979502008,0.29058741188976345,61.50907833624153,,8.405967741935482,,0.0,0.0,0.0
1991-01-01,-2.9328702257597428,-4.373669119659596,-14.73567248898675,-0.029113658197132963,-32.35616056794637,-1.583313093333305,-3.8000971794559746,6.426666666666667,3.5348306185678524,-0.006509347154035235,-0.09926483445700962,-48.71447393301924,,8.022833333333333,,0.0,0.0,0.0
1991-04-01,2.057154074013212,1.4994482965089873,-3.1215447952249065,-0.13303788416223483,34.59184691130126,4.6753164831039085,-1.6205280943820455,5.863333333333333,3.07157282318542,0.0077387506971051435,-0.15492404327660425,-23.705770509501534,,8.12546875,,0.0,0.0,0.0
1991-07-01,0.9712199910907771,0.5336564168715086,4.779062084922003,-1.1805797120096884,17.792045930712774,1.6485339562503531,-0.8849726035892402,5.6433333333333335,3.5854223537917562,-0.0012469207730180557,-0.12015674365051232,-4.031208534783026,,7.95,,0.0,0.0,0.0
1991-10-01,0.362759672297841,-0.7110992266838423,9.608646632970874,-2.629178782263608,17.83078479611131,2.947414345511712,-0.9688478296226322,4.816666666666666,3.1347841205434435,-0.004706274100455034,-0.12230366755461686,5.80989835007415,3.3976,7.345,,0.0,0.0,0.0
1992-01-01,3.736852952861369,7.405254185437826,-11.588648412491409,2.8499265653223915,16.755034237917243,8.802711148214538,-0.07522399429280568,4.023333333333333,3.0498152476294393,0.03142434095534298,-0.2653026317823869,-7.433826421274503,3.2833,7.3069354838709675,,0.0,0.0,0.0
1992-04-01,3.293876287509434,1.9379957282563254,19.43957071225242,-0.8963883743888346,7.750140073870604,1.2312075419119273,2.449805431366414,3.7699999999999996,2.813078508686928,-0.0010971986526479038,-0.1576691620355407,4.199631657036917,3.5194,7.376031746031746,,0.0,0.0,0.0
1992-07-01,2.918905850039266,3.843405415456047,1.3857720142844698,2.7452413465425707,4.4591100468657885,2.632046731255011,-0.2329496658003194,3.2566666666666664,2.362561820420339,-0.0016653966374638772,-0.13994687722186738,7.672948851788242,3.2647,6.61875,,0.0,0.0,0.0
1992-10-01,3.147125925636729,3.771033116643352,9.240704834164148,-1.1623333722162954,5.19909890345982,-0.6551364467868748,-1.1248396768371194,3.0366666666666666,2.9204035567993003,-0.0027911125513846204,-0.20334207522638736,4.303228523369995,3.1441,6.740322580645161,,0.0,0.0,0.0
1993-01-01,-0.33784362937119283,0.6686726691992106,6.421820906054876,-6.469552856513161,1.6247850234076822,-5.1380530769940425,0.9448632433263882,3.0399999999999996,2.748773032395846,-0.023513069281876867,-0.24139320572417777,-0.24316638105297272,3.0516,6.258196721311475,,0.0,0.0,0.0
1993-04-01,1.3218673231605749,2.930049017296099,0.5365696524172847,-1.235815755844527,1.7154545841373547,0.5586453311641648,2.382164897172423,3.0,3.024799723687366,-0.005439376277409434,-0.25061610826791625,-11.277038034884512,3.3758,5.988095238095238,,0.0,0.0,0.0
1993-07-01,0.9100510453112776,2.7945819338508926,-2.863368007875522,-0.9162560638152684,5.948915291955892,-2.163215461898571,1.6056396229844339,3.06,2.2300999718893877,-0.013335660751147536,-0.3612026540187917,-11.365121758157137,2.8344,5.6153125,,0.0,0.0,0.0
1993-10-01,4.407931686786526,2.625700241844342,17.21233086201508,0.8986170780758584,5.102773138680838,0.6859383617931591,1.5204157983699673,2.99,2.0520308764275796,0.011905608176259876,-0.4452251758031217,9.142943600549103,3.0562,5.615967741935484,0.5573655913978497,0.0,0.0,0.0
1994-01-01,2.862608821423862,3.071574937839472,13.58259226120282,-5.2438676882268,-5.85449489915586,-4.226590538973585,0.998192269627296,3.2133333333333334,1.8110351478739517,-0.01314198985070558,-0.5548811310111922,-5.163812486809682,2.8385,6.090322580645162,0.4904838709677426,0.0,0.0,0.0
1994-04-01,4.386928043421534,2.399604196997984,17.60028547791208,1.7197387096153705,0.21490900759388865,1.420070987099975,2.5185847597205324,3.94,2.6825128643984897,-0.0017017804629934435,-0.3773376621033605,-5.683476311190105,2.9567,7.089516129032258,0.45876344086021437,0.0,0.0,0.0
1994-07-01,1.3257284491938748,2.6062396634223717,-7.487605585027524,6.389937176231797,0.33921090184936276,-2.414918139188993,1.4946700286802894,4.486666666666667,2.2270029244918277,-0.009087702133886787,-0.343354745417065,21.70559853842704,2.9038,7.32796875,0.45583333333333353,0.0,0.0,0.0
1994-10-01,3.550370835380434,3.0070494981714546,14.280052357046458,-3.3132559432388575,10.323139982814133,0.9750616613443563,2.494723141830235,5.166666666666667,2.027165358505556,0.011017190695915214,-0.3952327624191875,4.564820378570111,2.9885,7.837213114754098,0.48229508196721227,0.0,0.0,0.0
1995-01-01,0.3936130649140779,-0.23200745019416047,2.8927974997188244,0.9184797752851637,2.1978984785603117,0.1458353253337874,-0.5116305379774033,5.81,2.090802473697906,-0.00715319836000093,-0.3617704161269272,-3.638954696062413,2.8643,7.4712903225806455,0.5358064516129026,0.0,0.0,0.0
1995-04-01,0.16480745479228176,2.864347276104695,-10.118886889205925,1.2886224059286633,-0.5375809025833789,1.37579200978184,-4.062739387741132,6.02,2.367902743031891,0.00033230867112519135,-0.3142043732181762,0.40984056864719065,2.8644,6.60015873015873,0.6630158730158735,0.0,0.0,0.0
1995-07-01,2.3438711486722497,2.232119716221348,-3.235846875224979,-2.2477200092062333,-0.26971462411324865,0.19132904867726896,0.7110720979188301,5.796666666666667,1.9023562292566965,0.00041818788007423916,-0.3992771600317492,-4.857791301932224,2.716,6.329206349206349,0.657460317460318,0.0,0.0,0.0
1995-10-01,1.6513501563576227,1.5561317941539698,6.689845433974995,-4.10309276998575,-6.47129103976436,1.3098732261511703,-0.9166568764008787,5.72,2.0005076522497944,-0.0015718256560096106,-0.38723175147929145,-6.61804329062381,2.525,5.898548387096774,0.6829569892473124,0.0,0.0,0.0
1996-01-01,1.9103542141031937,2.8913271523290263,3.0179838189376085,2.403689760711103,12.126805388651007,2.4089673232288167,-1.2233893452570754,5.363333333333333,1.5696029305924952,0.010373801149836109,-0.30689788936304796,19.474634299384697,2.4995,5.910483870967742,0.6659677419354839,0.0,0.0,0.0
1996-04-01,5.518163426478395,4.199042407096698,15.43189124415889,1.6733777293453045,4.217159282120697,2.0660951202871036,3.1968345566557588,5.243333333333333,1.8974321429318763,0.0009874791963647334,-0.21528250936012616,21.819284379803783,2.5514,6.7140625,0.5126562499999991,0.0,0.0,0.0
1996-07-01,2.451711743005447,1.6870578171570116,13.051809363471278,0.004918784477325744,-4.597631479130726,1.7608834341487078,2.620352019966532,5.306666666666667,1.820507471401811,-0.0007805939097565878,-0.18837335081195217,-12.146906786979272,2.5337,6.7759375,0.49906249999999996,0.0,0.0,0.0
1996-10-01,2.996972940400866,2.6237346107702564,-1.7035922823225746,1.7694514521423343,0.2662992529268493,0.21855327829507498,1.198211273992733,5.28,2.2706152643269917,0.0013720221164194141,-0.09834171339451159,15.152955165538806,2.4953,6.354193548387096,0.5151612903225802,0.0,0.0,0.0
1997-01-01,1.40413481705437,2.4110208204771055,7.717333485835098,-3.4728261816702855,-0.003028312486286211,2.112714149961392,0.8807679172038618,5.276666666666666,1.5683318643308297,-0.009308142932927371,-0.18343026276760066,6.845938247561456,2.4325,6.566999999999999,0.5150000000000006,0.0,0.0,0.0
1997-04-01,5.418642073284374,0.8153339659884296,15.449837754266582,4.96392360769633,-2.0154826010498894,2.8353659992610414,2.2039650471999295,5.523333333333333,2.081589387953642,0.010539310775024957,-0.3206802430530259,-26.704583332212373,2.3861,6.6996875000000005,0.5488020833333334,0.0,0.0,0.0
1997-07-01,3.747180979106801,4.856432423791901,5.758749456904866,0.31770081392323846,0.3065741558934576,2.197113327715816,1.8280945678679217,5.533333333333334,0.9328215097198722,0.010263249327705152,-0.33125214857975205,4.146593561306844,2.3879,6.2421875,0.5781249999999991,0.0,0.0,0.0
1997-10-01,2.1623075200317032,3.4410490439736208,2.147273059342325,2.4294761220929217,6.324834401760171,5.87478352483739,0.45814827618890774,5.506666666666667,1.2638241161472052,-0.0009904363037122324,-0.32785502524731436,1.3505077228050055,2.2083,5.906290322580645,0.6579569892473112,0.0,0.0,0.0
1998-01-01,2.726620960377346,2.217972565952664,14.322464808920188,-3.5555049763949853,-2.347940146153782,6.17557666766646,-1.1877297637221673,5.52,1.1768382139329958,0.007053521592633392,-0.5526272704751954,-34.693348591516404,2.1177,5.590983606557377,0.7151912568306011,0.0,0.0,0.0
1998-04-01,2.388631243075068,5.461043902562679,-6.126197965105007,6.754305601867827,-0.769302225121038,4.043071800754616,-0.6139788096751531,5.5,1.223045394125677,0.005567762809573841,-0.6385248635076889,-17.98869275184014,1.9352,5.593015873015873,0.7046031746031751,0.0,0.0,0.0
1998-07-01,3.681950813439272,3.402178351930729,7.658266931283464,2.8231658621500344,0.5065016398848599,4.660375315650722,0.0031903432464730486,5.533333333333334,1.417288901129865,0.009931461530733115,-0.6791146315708426,-1.6935067990790031,2.09,5.20734375,0.8810937499999989,0.0,0.0,0.0
1998-10-01,5.033832007111272,4.305960519151242,10.035094710431025,2.4550414926316932,6.939572110771408,1.1278310838811367,0.8475110560011601,4.86,1.2734727038456128,-0.004396974538533869,-0.7776638707776796,-8.810631645633471,2.03,4.661935483870968,0.9581720430107525,0.0,0.0,0.0
1999-01-01,2.3579102575276067,2.1916860017373807,9.621010293848542,2.555690799412247,1.556436063581934,5.752117933041124,-0.19242346618764117,4.733333333333333,1.0016539814294845,0.017526806094493322,-0.7649416185081318,-11.880347545097436,1.879,5.000819672131148,0.7481967213114755,0.0,0.0,0.0
1999-04-01,1.9288469456924417,5.4331164967813095,-3.92984468058728,3.18331881837679,-1.9332627557481885,0.14964806710243694,-0.9733410896751948,4.746666666666667,1.3861300951614197,-0.009306244841646844,-0.4659424621071865,44.589588949855674,1.9338000000000002,5.54125,0.8444270833333336,0.0,0.0,0.0
1999-07-01,3.8453800284617756,3.831467891777862,6.870726130955518,6.3186037016976115,4.466420630661894,2.048635540688115,-0.35418032465965865,5.093333333333334,1.4700067976651354,0.0009613969422760447,-0.26177562388990416,30.41867726938019,2.0043,5.88296875,0.9241666666666672,0.0,0.0,0.0
1999-10-01,5.071016300422215,4.578772402961562,8.69485307661364,7.2162592530851555,2.233534015291383,5.7961370950561975,1.0532106842346067,5.306666666666667,1.8772174071937542,0.010723365343870011,-0.14505377122414653,21.36833458239966,1.9049999999999998,6.14483870967742,0.8702150537634408,0.0,0.0,0.0
2000-01-01,0.00017034688859496327,5.144109497578242,-4.601753264898889,-2.2736686793280114,-3.7146330338018174,11.156169766570956,5.473729284051743,5.676666666666667,2.0906440296744933,-0.0002709221625137306,0.007671749387697213,45.37261603637326,2.0059,6.468412698412698,1.1295238095238105,0.0,0.0,0.0
2000-04-01,5.762031001827239,1.6825636213212647,20.93201268715461,3.2872798276159187,5.322496667350407,-1.4567607775187619,-1.273332868960253,6.273333333333333,1.393072266450801,0.00957946463697646,0.0006507818289522849,12.619780639440847,2.1767,6.184920634920634,1.4207936507936507,0.0,0.0,0.0
2000-07-01,-1.04593913551696,2.602789482033785,-6.845793272735534,-1.6948207845004504,3.901834853093078,5.307400910929328,-2.9665953237461906,6.52,1.9251312156534084,-0.004953672437571275,0.08891987305661497,11.451844332554018,2.0306,5.88984126984127,1.5069841269841273,0.0,0.0,0.0
2000-10-01,0.9330280753484743,2.1442082468464463,-2.1924682504753434,2.7202971688062405,2.284587804017768,0.20995441335477372,-1.1236133282013228,6.473333333333334,1.976021545767992,0.005301903218448064,0.09476210276253927,5.00307263053017,2.0818,5.570645161290322,1.514462365591398,0.0,0.0,0.0
2001-01-01,-2.7595934938389632,0.33072921721561954,-23.07854676129537,5.476553359717684,11.607781838941378,6.140120566070728,-0.7195797824520511,5.593333333333334,2.5920852647836057,-0.010514595676322071,-0.016217589276129596,-10.425707348301572,2.025,5.0441935483870965,1.4923118279569891,0.0,0.0,0.0
2001-04-01,1.05769408340457,-1.1569897699878595,-3.486938053313793,4.778494413113066,8.864789615103241,-0.7182723480971709,-4.460315484424804,4.326666666666667,1.50943244568289,0.005359847321132797,-0.05490745212829862,15.392855293174179,2.1121,5.276190476190476,1.379206349206349,0.0,0.0,0.0
2001-07-01,-3.0286835433084747,-1.3987885486368867,-8.734402554340193,-1.8275235680640378,0.48186236962592943,-1.1909915501677526,-3.6774170786841864,3.4966666666666666,1.031059022288261,-0.008396281871325174,-0.10594947840455216,-29.238286725925633,2.0767,4.995737704918033,1.483224043715846,0.0,0.0,0.0
2001-10-01,-0.31332764369089716,3.899914635602997,-22.65541158608002,5.311149450992758,6.942787659323635,2.5073343202884235,-4.433126165409185,2.1333333333333333,1.9256671894165578,0.000681301626798018,-0.37429598940312114,-57.22106297968814,2.0204,4.762096774193548,1.4501075268817205,0.0,0.0,0.0
2002-01-01,1.9383713267739466,-0.9615359120335398,10.652148981828446,6.725563618524433,6.5961802578181405,0.43184367218133124,-1.3556593150735097,1.7333333333333334,1.2261250335935614,0.01617619748551691,-0.3199752264420389,-17.104860689207335,2.0894,5.079166666666667,0.8786666666666658,0.0,0.0,0.0
2002-04-01,1.06005086451475,2.19190538737557,1.5121213308773918,3.9249684783904115,3.7994979638680704,2.230830371260073,0.5460813952099741,1.75,2.194842631772431,-0.0012248234756378467,-0.12818978630899347,46.26016551476013,2.0456,5.10609375,0.9395833333333341,0.0,0.0,0.0
2002-07-01,0.24991495700597,1.5682423926829614,-3.3003288577788226,1.8467690891974087,2.3205430355760726,0.11940510712995511,-0.4547737166719301,1.74,2.1280528703382373,0.0021739174822713397,-0.05747947460091507,10.754920116738909,2.0437,4.27234375,1.1510937500000002,0.0,0.0,0.0
2002-10-01,-0.8607581001786713,0.4105551325711332,-1.7425944175236907,4.055950454259971,1.8690202859653837,-1.4223895241928575,-2.596377328870325,1.4433333333333334,1.4192658654465617,-0.0021184147250257017,-0.06857454950906161,18.207722782858582,1.8857,4.004838709677419,1.2643548387096768,0.0,0.0,0.0
2003-01-01,0.764674321940717,1.7189149489965416,0.33620156878129137,2.231909537475474,3.565819278809279,0.4384098512645651,-0.6066214192449237,1.25,1.2322096829791462,-0.0013728693863999356,0.11781956749778366,58.075619389844846,1.9735,3.92,1.0995628415300542,0.0,0.0,0.0
2003-04-01,2.2052742861390584,2.2286748493467456,-0.252274326410884,2.175250445252175,9.756770073112442,5.57265481231875,-1.1038640493589824,1.2466666666666668,1.5133294061204339,0.011204041957873315,-0.047016715235858375,-56.44691031549769,1.9636,3.6206349206349207,0.7187301587301587,0.0,0.0,0.0
2003-07-01,5.291814189905253,4.653688511281828,10.73886795948411,0.3307824503217205,-0.03802950992461973,3.5916783205069747,-1.6290872880285079,1.0166666666666666,1.8266957194658318,0.014897025012694888,-0.012997842139360172,31.113715298290145,1.9592999999999998,4.22765625,0.5265104166666665,0.0,0.0,0.0
2003-10-01,3.3311293432753075,0.9895062278445721,12.956643838621318,1.782943901466183,-1.2911083421634828,3.2284594536925115,1.62003855776085,0.9966666666666667,1.7881526975653372,-0.0018653882040156346,0.012744304151658503,3.649910270365808,1.9573999999999998,4.285161290322581,0.4937634408602145,0.0,0.0,0.0
2004-01-01,0.992369086339906,2.668301556623831,0.1325076457064256,2.133516495935339,4.050308349478371,-3.6735787143229945,-0.24895073171897764,1.0033333333333332,2.1947699042637936,-0.0014759076411339639,0.12819115898473055,35.16581619993566,1.9203999999999999,4.01,0.5787634408602154,0.0,0.0,0.0
2004-04-01,1.836039871140116,0.3904317679481295,15.199953203456573,1.452259259939126,0.21735908998667952,4.340893731810014,-0.4562314311659321,1.01,2.2791609796911416,0.008752221522693034,0.20373201216331516,10.1205900393186,2.0064,4.597096774193548,0.5710215053763443,0.0,0.0,0.0
2004-07-01,2.5416713602108842,2.868382758509469,5.956768404221435,2.339657766612646,-2.361837483000251,4.831314852853874,0.9889865270551468,1.4333333333333333,1.4294968863346469,0.00870800135368258,0.3321786637571833,14.008997391353972,2.013,4.30140625,0.5750520833333335,0.0,0.0,0.0
2004-10-01,2.839832025464162,3.5959956414732375,7.892963757841898,1.165965626227461,3.8742710154533455,-1.5035364263055018,0.5791053594300877,1.95,2.162702862305821,-0.0009888236115418595,0.42102238532689384,41.08379668390718,2.0004,4.175806451612903,0.6118279569892477,0.0,0.0,0.0
2005-01-01,3.2037023136297194,0.46075558580831455,11.360482569388353,1.8065621651636832,6.022291607829899,-0.8015003289270239,-0.46253035130305875,2.47,2.8366527901891203,0.0017419605340731055,0.44163005465962163,-6.019636045195043,1.9945,4.303606557377049,0.5559016393442624,0.0,0.0,0.0
2005-04-01,0.7800254604656942,2.8693702754058137,-5.604975931674971,0.22311136089498973,0.9624857206336657,-0.17409902704820235,1.9250131715709884,2.9433333333333334,1.9765206556776604,-0.0016411895832647355,0.499427969372153,8.277764086682637,2.0231,4.15859375,0.5979166666666673,0.0,0.0,0.0
2005-07-01,1.9470835733432779,2.797993374470309,3.9185740349438447,2.0187258581607637,-0.8180124437561886,1.6140072498485925,0.9717813254241037,3.4599999999999995,1.5554177048553441,0.0012591962110133008,0.6636458433494323,79.6411813412572,2.2008,4.21515625,0.5856770833333327,0.0,0.0,0.0
2005-10-01,1.0557263404475492,-0.5198445539189578,13.218051081636162,0.9820150581361986,-0.437158740170851,-0.9615463628382559,0.5089848307601841,3.98,2.664856890147149,-0.001835799681351382,0.6059580860126497,-2.4315203783473294,2.0329,4.488196721311475,0.6124590163934425,0.0,0.0,0.0
2006-01-01,4.203506958586445,2.453554792577606,5.666067307907241,4.122542459882084,2.8870492710399986,4.6083524020616,1.6276946468069653,4.456666666666667,2.3096726271411683,0.0070377625442956445,0.6526205776567678,-5.682463422182593,2.012,4.577096774193548,0.6159677419354841,0.0,0.0,0.0
2006-04-01,-0.0917457590905002,0.9617359097440215,-4.67570274433271,0.09391669123246515,-0.5070939445699807,-2.7773816103457802,0.5938958247991621,4.906666666666667,3.173829111764448,-0.01172431216789112,0.7513437536755715,28.376142249531,2.0046,5.072698412698412,0.6026984126984125,0.0,0.0,0.0
2006-07-01,-0.5128716527401878,1.536121452075534,-3.869659477295073,-0.8850100432610475,2.393005537561521,-1.664594650272988,0.21979287828504113,5.246666666666667,2.1488358405154173,-0.012169973510581578,0.7431524914829808,21.196025843154587,2.1344,4.893492063492064,0.5946031746031748,0.0,0.0,0.0
2006-10-01,2.3349514244866754,0.6136949344423215,-7.573334863346304,4.142020447388006,-5.407218325082219,4.818356041566235,2.2204441973892486,5.246666666666667,1.7192872763967415,-0.0014803728386073019,0.5806738543250485,-65.17923166465671,2.0789,4.630645161290323,0.553763440860215,0.0,0.0,0.0
2007-01-01,0.12609818428437336,1.2360224898795735,-6.524359384403766,1.67298534895437,14.656604914949511,5.264310082846197,-0.41200340414881964,5.256666666666667,2.74869935180142,-0.006454450832767427,0.5379936635004542,19.603402577865836,1.9104999999999999,4.679032258064517,0.47252688172042934,0.0,0.0,0.0
2007-04-01,1.3840949565715022,0.6023751765479091,1.381298937714348,3.674483742233292,-3.715985744137562,-3.047023837527324,-1.440821861289443,5.25,1.6613507142512418,-0.00737677632172277,0.6423085825322001,41.2431108238458,1.9718,4.84609375,0.5076041666666669,0.0,0.0,0.0
2007-07-01,1.2569930539171992,1.695665879313779,-5.186270372951185,2.3401968661588057,1.1498615642722143,-0.3506681886939478,-1.177112568148786,5.073333333333333,1.9594839504094352,-0.013689338890219694,0.7870646215938465,7.3728282158846525,1.9586000000000001,4.738412698412698,0.740793650793651,0.0,0.0,0.0
2007-10-01,1.4868746348057016,2.987801618790442,-9.154714116884577,5.306688365584478,3.7944750131364557,3.177207740208038,-0.1231046982745454,4.496666666666667,2.7561479170152836,0.00022884060433115859,0.9680987909857972,34.26765366525437,1.9868000000000001,4.266612903225807,0.870967741935484,0.0,0.0,0.0
2008-01-01,-2.7133261252515695,0.21957160733485637,-14.600150229253472,3.6947872168582307,4.715878030962983,2.2796166774495252,-1.970427183792367,3.1766666666666663,2.1124407643469567,-0.022973019941789682,1.0396855571789068,23.73641449181676,2.0225,3.6652459016393446,1.057650273224044,0.0,0.0,0.0
2008-04-01,1.3830748164220807,2.0612069482684348,-6.544152506243961,5.5114122269031895,55.861266324231096,-1.2989319730113025,-2.154541949562372,2.0866666666666664,1.6767802651994401,-0.0021368391543748148,1.2703473738859858,31.167737084878766,2.0784,3.8815625000000002,1.0129687500000006,0.0,0.0,0.0
2008-07-01,-3.0847472866621928,-2.829662696786528,-10.704122266060523,3.6716599697868446,-38.16250446950615,1.1343490061718253,-3.9665934691059945,1.9400000000000002,2.0365320511899654,-0.003420785222653903,1.2133993659806936,33.9370530076927,2.0129,3.8621875,1.157708333333333,0.0,0.0,0.0
2008-10-01,-9.818963599146713,-11.987494473775584,-33.631910183487435,-2.887529037072767,-2.2402658508541506,4.2524556676319545,-6.219084624474647,0.5066666666666667,-0.31520406547045354,-0.02260705775696464,0.5072401372967199,-167.06480131966543,2.0951,3.234677419354839,1.8703763440860213,0.0,0.0,0.0
2009-01-01,-5.528822601032601,-4.374688870942123,-54.95847076117428,-0.614869241659477,24.752031816748143,-10.603009936819413,-11.01886229117568,0.18333333333333335,-0.0045480300396860684,-0.0027547093422614823,0.2014977922709159,-87.40592001308123,1.9085999999999999,2.7362295081967214,1.5821857923497271,0.0,0.0,0.0
2009-04-01,-1.6700268542972907,-0.6769871095528401,-31.499682487955027,6.065150694367105,29.94740684278252,11.083438759736708,-6.36211628672374,0.18000000000000002,1.5629895948606531,0.023696515344294903,0.5295942708326495,34.63634396559172,1.9741,3.320793650793651,1.3180952380952373,0.0,0.0,0.0
2009-07-01,0.44853013576933165,3.99671570500999,-6.229401675952317,1.3762767721310354,-0.08887371704169311,2.744767264588324,-2.7232899864310767,0.15666666666666665,1.416987221518795,0.007418621849438707,0.6641962399163088,62.5727830711984,2.0528,3.5178125,0.9832291666666668,0.0,0.0,0.0
2009-10-01,3.345573855204975,0.41347980857615596,30.569007896988154,1.4826388046181194,-2.837606815325877,0.5626716003798132,-3.1322902318995816,0.12,2.4841632440153916,0.01315227642423912,0.7701541374102844,25.238140600362158,1.8511000000000002,3.4640322580645164,0.9311290322580641,0.0,0.0,0.0
2010-01-01,0.9783822759139582,1.7481599807208426,5.7137602807443955,-0.43890657174685543,17.284933977398964,-5.012377717473973,0.48709038236900426,0.13333333333333333,1.366001726903221,-0.01140882061162548,0.8003867819268546,6.008563504115116,1.8937,3.7178688524590164,0.8028415300546445,0.0,0.0,0.0
2010-04-01,2.8859079699053325,1.2747486982629397,18.231319323690087,1.144920278558459,-2.467594567797171,2.8514387467909934,2.4711034921047315,0.19333333333333336,1.0760756542293137,-0.0005486643007656293,0.7860996762950239,-13.511649043147855,1.9232,3.4925,0.8420833333333331,0.0,0.0,0.0
2010-07-01,2.102272896938473,1.4286788011723672,13.816338958708485,-3.1293185437348825,5.253065927477341,1.1695133937253606,0.5461988209560786,0.18666666666666668,0.6148751967291588,0.01031367969876612,0.7606905435594793,6.372355751284786,1.8340999999999998,2.78453125,0.9871875000000001,0.0,0.0,0.0
2010-10-01,1.1147547507178501,1.704528377566561,-2.9477176414722805,-2.534228315506226,-2.188043517996352,-0.9823083262097243,-0.7096278691633984,0.18666666666666668,1.2624289991201465,-0.00837209569047212,0.864942874733841,41.792550103357584,1.8464,2.8783870967741936,1.0073118279569893,0.0,0.0,0.0
2011-01-01,-1.9377027034710892,1.8409501874291578,-8.879082352881795,-4.115020460955066,-3.254605199306937,5.486020059811894,-1.0028268482647817,0.15666666666666668,1.7521907302608497,-0.010802588132300209,0.9599546701071072,37.29471393463122,1.7907000000000002,3.4574193548387098,0.810806451612903,0.0,0.0,0.0
2011-04-01,1.6949405495989112,0.687724314842697,12.598107724189589,-2.0588894672179947,-2.8134421705107826,-6.182493314887755,0.885097579030969,0.09333333333333334,2.3321882907563207,-0.004608892194743295,1.0406641177249354,34.53988095959666,2.0739,3.2014285714285715,0.975079365079365,0.0,0.0,0.0
2011-07-01,-1.105596983412127,-0.3551041522367626,0.996843311789064,-7.39284155984663,-12.377373652622481,0.769486521279153,-0.007928353345754147,0.08333333333333333,1.8219006186775744,-0.01028594151864548,0.9008590555347087,-3.9002108439539995,2.0334,2.41421875,1.135989583333334,0.0,0.0,0.0
2011-10-01,3.442813769006392,0.507754107955094,28.554209842328504,-2.2863891962337846,-1.7748878297956239,-6.447452900184183,2.09227045455993,0.07333333333333335,1.423100670579558,0.007887606933519056,0.9470594457749256,-1.6377865036822925,1.9878,2.0467213114754097,1.176338797814208,0.0,0.0,0.0
2012-01-01,2.302186771115089,2.1402053062573145,6.663711684663554,-1.6868934183825957,-5.242457723817573,7.122647099081247,2.9474825810165584,0.10333333333333333,2.5165602770652384,0.013504933941562488,1.0309306264400977,11.523105186241622,1.988,2.04,1.09747311827957,0.0,0.0,0.0
2012-04-01,0.737167004575312,-1.02531119473106,7.9329251844136195,-4.4232753125292845,1.66567770656183,0.44453156360024226,-0.8783964237013109,0.15333333333333335,1.6507461498299847,-0.007130786783632421,0.9308651686420095,-11.297968691301463,1.9388,1.82578125,1.2507812500000002,0.0,0.0,0.0
2012-07-01,-0.47219497643347097,-1.2673524354127608,-2.138157094033488,-2.1305366877108156,-3.5829381793723414,-2.24383678791904,0.011725010831575844,0.14333333333333334,1.1540622643664733,-0.016580593638907164,0.9123623718610552,3.568326269550326,1.948,1.6412698412698414,1.0917460317460321,0.0,0.0,0.0
2012-10-01,-0.584046852589637,0.7773394080206941,-3.9329980576823687,-3.916943485914004,0.5923014946747074,8.1460160221928,1.2508969358417943,0.16,1.7648328335621244,-0.0007027764054509263,0.8617993681508547,12.660526575291442,1.8399999999999999,1.7070491803278687,1.0849180327868857,0.0,0.0,0.0
2013-01-01,2.8736306365004793,1.3556124702780892,13.431421542725275,-3.7689664116335564,-1.138339934089494,-7.6715149808711,-0.770164369596138,0.14333333333333334,1.5595450080951423,-0.004275523974084444,0.9257275490660405,-3.404899302891806,1.8262,1.951,1.1289999999999996,0.0,0.0,0.0
2013-04-01,0.019373004553102646,-0.563353129362909,2.985829192827083,-0.9265932239394203,2.6802753486094844,1.8082725919825626,-0.009706625058392149,0.11666666666666665,1.1270571978375443,-0.004276896617636503,0.9221974517264367,-25.079341522219778,1.7767,1.98625,1.1881770833333332,0.0,0.0,0.0
2013-07-01,2.3450156925783006,0.25967715894132937,12.810423871408716,-2.4857467496495644,-0.6004990222640672,-2.84787814833104,-0.4590785509634543,0.08333333333333333,1.570304901288111,0.0007691845360596771,1.033411117372623,6.237466237987377,1.7160000000000002,2.7065625,1.0688541666666667,0.0,0.0,0.0
2013-10-01,2.427839488749939,1.8255128485357375,2.605490581072445,-2.4737628359254415,-4.053156675949232,1.1117744503818305,-1.2405038765228582,0.08666666666666667,1.72024490824505,0.0037873729467772315,0.9446098218293646,-1.0352327901546943,1.7195,2.7441935483870967,1.0920430107526884,0.0,0.0,0.0
2014-01-01,-2.4187901686648416,0.7163942324751815,-4.126138088827247,-2.7374473854422376,3.8854648467479436,6.0688992342415204,1.0580277565676255,0.07333333333333335,1.2618727644106542,-0.014198493723392968,0.9551368835576008,8.583534044481667,1.7944,2.7654098360655737,1.0211475409836068,0.0,0.0,0.0
2014-04-01,4.104626115032772,2.3208219824613963,14.94834728107719,-1.3417441401927022,6.877776072312081,-4.48604674902624,2.6073320780879428,0.09333333333333334,1.742379855217635,0.012370637230456442,0.9950258877666935,-3.0440433869316053,1.7767,2.620952380952381,1.0387301587301585,0.0,0.0,0.0
2014-07-01,3.808131002140769,2.365113547083908,8.038937301120797,2.049523947864884,4.998677473752977,0.5145909392468534,0.7721953571827811,0.09000000000000001,1.4999625873922895,0.003915882624947888,0.9355544698196079,-11.429840122434953,1.7743000000000002,2.49953125,1.108541666666667,0.0,0.0,0.0
2014-10-01,1.0068674209776418,2.6419591834422107,2.3882742186643213,-1.7217945269834445,1.509017844683136,3.935425843483473,2.2623801553043776,0.09999999999999999,1.082822661978966,-0.006040547784269227,0.6444912341264195,-47.26907576033241,1.6881,2.2759677419354842,1.1850537634408602,0.0,0.0,0.0
2015-01-01,2.586793701248169,0.48277787636834546,12.887683938819805,-0.9489124499296508,6.818178976803502,4.856036358350449,0.2936958150705493,0.11,0.6676664742286675,0.0042959268926547525,0.23477815703115312,-85.17229109709454,1.6433,1.9688524590163934,1.252622950819672,0.0,0.0,0.0
2015-04-01,1.4827471316412044,1.4578343031338648,-2.2040379551349076,2.471772561424501,1.2518186154309774,1.2203287842437696,-0.929561611354579,0.12333333333333334,1.7786890783948905,0.0016245491390134569,0.4044565899917393,24.62243244655191,1.6815000000000002,2.164375,1.274947916666667,0.0,0.0,0.0
2015-07-01,0.6286537931462277,1.8134104047447863,-0.5055088134348296,0.3743251912261769,0.6125285017317239,1.4278936393725794,1.2353058455707,0.1366666666666667,1.2848963631856947,-0.010287124550695748,0.1816719440102854,-7.121211896905066,1.7393,2.223125,1.441041666666667,0.0,0.0,0.0
2015-10-01,-0.21562193723063672,0.37457388817827564,-4.199195006957268,-0.37973232636474563,2.4583258031056765,-0.7884195337061417,0.8347738741555588,0.16,0.9959091954026889,-0.01512287371550673,0.08051228236741925,-43.02268881097113,1.6846,2.190483870967742,1.397204301075269,0.0,0.0,0.0
2016-01-01,1.3820671591208367,2.617300472734385,-4.5777991553833886,0.8872423120507733,3.3292601518438936,0.49467617718435275,1.40585401973361,0.36000000000000004,1.6720951998170364,0.0058585842989152224,-0.15304695788808098,-48.71064170550348,1.7122000000000002,1.9142622950819672,1.6096174863387973,0.0,0.0,0.0
2016-04-01,0.36978631098421033,0.8877781115408823,-3.3668465564232974,-1.2522262181889232,-1.5906254796909103,-1.2487151620065862,-0.7605312257476626,0.37333333333333335,2.1878870669183925,-0.01945524607871771,0.1537869760343864,34.18211410738721,1.7368999999999999,1.75015625,1.4432812499999996,0.0,0.0,0.0
2016-07-01,1.9399597271728908,2.2380015886859894,-0.04209149307570215,1.1920769587348445,3.0210284144001953,0.696266701847234,0.1812709869811968,0.39666666666666667,1.731736317102417,0.0031674910274586293,0.13889781538493573,-5.5259636878620455,1.7071999999999998,1.564375,1.4268229166666664,0.0,0.0,0.0
2016-10-01,1.349121778703477,1.088236281645294,9.211343478708045,-0.1402068173959492,0.2427884391637214,2.37334287609308,-0.15336430188135353,0.45,1.375702693975711,0.0031533536383592906,0.22535451170200382,28.92668269024128,1.7332,2.138688524590164,1.2904918032786887,0.0,0.0,0.0
2017-01-01,1.1012214773352014,2.5169825415702007,-2.6193149596295484,-0.9796013600485765,-0.7876737272952461,1.9362572891446082,0.7285921413746621,0.7000000000000001,1.8524055397911354,-0.0006045524125823337,0.27241158829764234,24.093981296302402,1.919,2.4466129032258066,1.1762903225806447,0.0,0.0,0.0
2017-04-01,1.4122252637477573,0.9188108567169451,6.360778092955854,0.2002421546094979,-3.530441603233836,1.4011279253156574,2.0672033560909853,0.9500000000000001,1.3352790660718483,-0.005412551891818974,0.1992411575511509,-23.18802636477102,1.8386999999999998,2.260952380952381,1.1671428571428573,0.0,0.0,0.0
2017-07-01,2.345063589910268,1.265796111289319,4.904528100273353,0.5144874944193134,4.154162513770032,3.0845571036664223,0.297440811372951,1.1533333333333333,1.2070075560622229,0.00262185592719045,0.19252578892488714,12.199087548098575,1.7654999999999998,2.2414285714285715,1.0769841269841276,0.0,0.0,0.0
2017-10-01,3.709121466651766,3.5093656001205176,5.174873658688739,4.609404245617554,0.4253158667232526,2.895821067544287,0.377540783233421,1.2033333333333334,1.7752058794531678,0.005261664750475934,0.32577430189401324,32.53366288742612,1.7042000000000002,2.371451612903226,0.9435483870967745,0.0,0.0,0.0
2018-01-01,2.486282801331541,2.385729043233198,4.597830483574228,2.1812792607782683,2.668095644800328,-0.15196208324504898,1.8892002696093257,1.4466666666666665,2.537475799935507,-0.004200251801506299,0.4467903660145272,18.155257565632255,1.7869000000000002,2.7585245901639346,0.8420765027322403,0.0,0.0,0.0
2018-04-01,1.383602195798872,0.6807136641079126,-1.6804795559650643,2.867025932366829,-0.40184495676678367,-0.7389853140119744,1.6800842486505374,1.7366666666666666,2.141649255033329,-0.004437845100700235,0.5184091744206647,9.426334334717978,1.8176,2.920625,0.9394791666666671,0.0,0.0,0.0
2018-07-01,1.77384774483329,0.7443405271082781,11.08785014119178,3.717884120155901,0.247156348902422,2.1755351953083575,-0.30502976921926717,1.9233333333333331,1.2729760319036387,0.0028323605832348392,0.5391159113089807,7.351215836959213,1.7694,2.9238095238095236,0.9136507936507936,0.0,0.0,0.0
2018-10-01,-0.13116325471784762,0.34557716868910404,-1.0103549387629585,0.30628427378829315,3.118915525782029,-0.4030858438892754,0.8403228133536444,2.22,1.8635476233541226,-0.008178945607209739,0.3686392499526743,-10.54306450570266,1.7425000000000002,3.0411475409836064,0.9501092896174854,0.0,0.0,0.0
2019-01-01,1.809138271429589,-0.4341730166871116,3.216954838960362,3.788060118783676,6.717507495397523,8.124894318353856,-0.5766381159064693,2.4033333333333333,1.6011751205105895,0.013735109130163438,0.2909849508138508,-34.26217783139762,1.7225000000000001,2.652950819672131,0.9775409836065574,0.0,0.0,0.0
2019-04-01,2.6585664349724425,2.8968587048382233,2.760808780371349,3.5194063135620013,1.4186290099334364,-2.0132053563297445,-0.9271932269564687,2.3966666666666665,1.6863567581214767,0.00026723033528825183,0.37238047217874104,34.1665590312239,1.7002000000000002,2.338888888888889,1.0034920634920637,0.0,0.0,0.0
2019-07-01,3.994836128467938,3.541549180335579,1.7026848491269675,3.7307457871520455,3.3706472257439835,-1.0780046693734335,1.1040845428459178,2.19,1.482760762420554,0.007548059742042288,0.3104184029444881,-13.079095477379354,1.7031,1.79796875,1.0168750000000002,0.0,0.0,0.0
2019-10-01,2.0627129544845246,2.2823884321930166,-7.935646706515342,3.32529579371581,1.3482181824921113,5.61087777077407,1.300994423461077,1.6433333333333333,1.4030377167227215,-0.0004683211886745086,0.3176672268505315,10.763110710793455,1.665,1.7919354838709676,0.9323118279569895,0.0,0.0,0.0
2020-01-01,-5.9569813145394335,-8.048326094595737,-10.20704031698827,5.273222196363747,4.152576962460941,7.334604677545159,-3.558916819760505,1.26,1.7985251251584344,-0.017896779785401846,0.09378908675467401,-17.565236233821935,1.7323,1.365,1.2133333333333334,,0.0,
2020-04-01,-33.473905720702746,-36.9238924659566,-59.9347589265939,8.939349692133192,280.2416702716196,24.38455287836838,-51.28968275383823,0.06,-0.7526592452098413,-0.02331769192957282,-0.40028493399514187,-111.91512436814826,1.5979,0.6876190476190476,1.3026984126984125,,,
2020-07-01,29.235273510128934,32.88713189657386,67.26522750794715,-6.293230083971224,-95.451233441152,-9.580461365713816,26.07490991466559,0.09333333333333334,2.96415445645124,0.03539944394220427,-0.02370948222916569,41.927486847896844,1.5733000000000001,0.650625,1.0888020833333334,,,
2020-10-01,3.8264017399850303,4.24198342038089,12.24840794245452,-0.28125010943753637,-92.2855439729016,7.542525176429438,11.35355721161293,0.09000000000000001,1.793242944103568,0.019831175042645963,0.007515530427065764,15.067883347846589,1.6448,0.864516129032258,0.8993010752688171,0.0,,
2021-01-01,4.847479779001063,7.722050027483718,-6.322065581738201,6.416422135126965,146.09853037301167,-4.763467671016953,0.4747969974593147,0.08,3.4011855199125307,0.0008844832996261491,0.30326975944022305,68.0646205236016,1.7384,1.3359016393442622,0.7932786885245906,0.0,,0.0
2021-04-01,6.033630619017671,12.852821357077815,-7.813001453617119,-5.082146811811583,-37.302958273569864,0.26892426435308203,3.6218211134535494,0.07,5.646275668095413,0.001491782859910465,0.42202204343399663,25.7435868628221,1.8532000000000002,1.59078125,0.7159895833333332,0.0,,0.0
2021-07-01,2.5446283736599185,1.8722337668474864,12.962723029129819,-2.5027889172058337,-67.11708735428755,-0.8875123491004222,2.6049507657512905,0.09000000000000001,4.718863743198298,0.0018132733547201224,0.47310575545728234,24.310440354267726,1.9615,1.32484375,0.6928124999999998,0.0,,0.0
2021-10-01,6.035543853867509,2.872727901029748,25.501386817482086,-1.460717585500504,-50.51326210857621,-1.1156257352860854,4.129058972807265,0.08,5.169614291443025,0.00929484181748809,0.5482732602590692,43.76694712979017,2.0814,1.5333870967741934,0.6849999999999998,0.0,,0.0
2022-01-01,-1.8155024791060015,-0.9272987034918856,7.483572065008559,-4.046868119289826,-24.110858818181757,-6.118020100781957,3.552381585756592,0.12,5.95112913083895,-0.015696017052131306,0.7267953564090517,43.905798321316425,1.9901,1.9511290322580646,0.8693010752688171,0.0,,0.0
2022-04-01,-0.2024544802903705,0.7674016873963296,-9.996557249771598,-0.3618343284188086,-4.990022001141625,-8.431382265284693,0.3204417313803276,0.77,4.7476483472724595,-0.016329117354008285,0.8451462020404189,53.41542889720863,2.2799,2.9325806451612904,0.7962365591397846,0.0,0.0,0.0
2022-07-01,2.0233287646519216,1.2009503369188934,-5.190998872805608,-1.035777324634779,-2.9634854166093128,2.6396518437429406,-0.34542947007611957,2.19,5.013761321552224,-0.004762350282450016,0.6799015672076871,-36.036375092106354,2.3872,3.10109375,0.7365624999999993,0.0,0.0,0.0
2022-10-01,1.8690235438334923,0.17703027668467541,5.739952950203531,2.7547936604825907,2.3329507937556393,-3.2684573868309834,-1.6475024676433137,3.653333333333333,4.6052563158959,-0.011172354673002795,0.552126193209778,-17.992186457581028,2.565,3.82672131147541,0.6929508196721308,0.0,0.0,0.0
2023-01-01,1.9737565684096126,3.5775659231191526,-9.144383105183351,1.4407063511505669,-2.889281908594743,-0.5939725712955701,3.760094849638662,4.516666666666667,4.610510440361182,-0.00982404763973967,0.4582903727594205,-21.345326894501326,1.9402,3.646290322580645,0.6201612903225802,0.0,0.0,0.0
2023-04-01,1.5675371267644067,1.4194326407189095,3.2591725529407256,-0.1925907877158295,0.32556234907872295,4.265188039708826,-1.4872915541946696,4.989999999999999,3.8911294306007704,0.0100303859586911,0.4221681391010269,-13.089141643167324,1.9060000000000001,3.5957142857142856,0.6579365079365083,0.0,0.0,0.0
2023-07-01,3.6291067140759026,1.5003033281711708,5.960519926715335,5.629375256700797,-11.081773611855184,2.8402612763602173,0.25502677030129206,5.260000000000001,2.34023919135673,0.0017708536466550357,0.5235623325908614,19.265465373668533,1.9169,4.14968253968254,0.4919047619047614,0.0,0.0,0.0
2023-10-01,2.3744747747180384,2.2166294899125916,3.0676377163231905,3.329250575242071,-1.0334985807690877,3.4918784581173865,-1.4316626009756916,5.33,2.1140630187133524,0.017698823539126378,0.47119649274485215,-11.022072472086464,1.9318,4.4470967741935485,0.4388709677419351,0.0,0.0,0.0
2024-01-01,-0.16721191754278664,1.1083591886393407,-4.611065165483552,1.6449235508737559,8.615539811553585,2.4965793639172507,-1.76707389014652,5.33,3.9186505670670613,-0.00861080703921769,0.45247532692004666,-9.454576334601228,1.7595,4.15639344262295,0.5222950819672132,0.0,0.0,0.0
2024-04-01,2.4977452851810966,2.800494054492475,6.780050900648149,1.5361488576488114,2.4889201112577197,2.1495600779610102,-0.9527274697511245,5.33,2.8421418063750536,0.0042319894475145465,0.4982849933875547,1.3671983678548827,1.9125999999999999,4.448730158730158,0.5403174603174605,0.0,0.0,0.0
2024-07-01,2.2376782216461777,2.8289738831404065,0.28380198210200547,4.547045000573746,8.439865752696551,3.02218263701442,-0.8082900937646187,5.263333333333333,2.324435985128659,0.001771017004524028,0.42473661784502537,-20.417054563619175,1.7898999999999998,3.9546875,0.5798437499999993,0.0,0.0,0.0
2024-10-01,0.7700499882968614,2.8525965848459123,-8.624579609337957,1.5288714873094023,0.1427325956089298,1.8706154508298656,-1.3537149960081152,4.6499999999999995,2.68108003798595,0.0011140756007652739,0.343126643504593,-6.5222771278111935,1.7738999999999998,4.275483870967742,0.5219892473118284,0.0,0.0,0.0
2025-01-01,-1.7277407035244607,-0.6428068248055752,17.148792215146358,-1.1631154394933674,0.5253081031424855,2.5710672067944085,3.455707366641292,4.33,3.2225548435167894,-0.009429708164454625,0.35039157142252997,7.757378973253637,1.8811,4.453606557377049,0.5978142076502726,0.0,0.0,0.0
2025-04-01,2.6800624266115847,1.362528962878784,-17.66677393486873,-0.004561597998531397,10.053549583853005,-0.9288818630748652,-1.2554395670965945,4.33,2.5666877007683553,0.0018941147087488202,0.23937788471271793,-23.211782783336332,1.9167999999999998,4.361774193548388,0.6278494623655915,0.0,0.0,0.0
2025-07-01,3.195424892194154,1.374435700374832,-0.2756849881329515,1.8640704221930093,-0.07206833354391762,2.3848183926166833,-0.544242067731382,4.293333333333333,2.8356142624129888,0.008469632521980172,0.24723331949054572,1.7582445892148968,1.9078,4.26109375,0.5104166666666661,0.0,0.0,0.0
2025-10-01,-0.6116695642152337,-0.014356421226224825,1.2149009219285745,-3.330769791585908,-4.7397908919574405,-0.00337111734358686,0.495922304251728,3.8966666666666665,2.6222861571262968,-0.0011094548728845942,0.14072017450018293,13.424933366527725,1.9032,4.1,0.5518817204301074,0.0,0.0,0.0
2026-01-01,0.9777353459508475,0.42869711785655795,4.958917932530227,0.817899479922346,0.8533806037629432,-1.4255915211953851,-2.5623259281939426,3.64,4.326772171302551,-0.009389536100796831,0.31990201376835325,19.459270881438684,1.8417,4.197868852459016,0.5969398907103827,0.0,0.0,0.0
